               epoch,      train/box_loss,      train/obj_loss,      train/cls_loss,   metrics/precision,      metrics/recall,     metrics/mAP_0.5,metrics/mAP_0.5:0.95,        val/box_loss,        val/obj_loss,        val/cls_loss,               x/lr0,               x/lr1,               x/lr2
                   0,            0.084626,            0.025646,            0.018185,             0.34326,             0.37207,             0.27306,             0.13828,            0.057036,             0.01229,           0.0054015,            0.070536,           0.0032738,           0.0032738
                   1,            0.062796,            0.020965,           0.0074034,             0.47202,             0.49932,             0.42621,             0.19254,            0.051185,            0.010341,           0.0049457,            0.040514,           0.0065853,           0.0065853
                   2,             0.05699,            0.020519,           0.0058364,             0.22792,             0.18837,             0.13242,            0.042422,            0.055713,            0.011971,           0.0078159,             0.01047,           0.0098749,           0.0098749
                   3,            0.052866,            0.019496,           0.0051828,              0.2473,             0.14767,             0.13193,            0.045913,            0.052363,            0.015366,           0.0046951,            0.009901,            0.009901,            0.009901
                   4,            0.052087,            0.019678,            0.004907,             0.51325,             0.45004,             0.42593,             0.15664,             0.04695,             0.00978,           0.0052901,            0.009901,            0.009901,            0.009901
                   5,            0.049527,            0.019579,           0.0043717,             0.55647,             0.47957,             0.46484,             0.22177,            0.046184,           0.0098483,           0.0084815,            0.009868,            0.009868,            0.009868
                   6,            0.048792,            0.019125,           0.0041597,             0.20689,             0.28433,             0.18068,            0.065243,            0.048855,            0.010317,            0.006821,            0.009835,            0.009835,            0.009835
                   7,            0.047592,            0.019023,            0.004284,             0.68076,             0.61308,             0.62436,             0.30726,            0.042031,           0.0088352,           0.0030051,            0.009802,            0.009802,            0.009802
                   8,            0.046267,            0.018346,           0.0034334,             0.62505,             0.51347,             0.51433,             0.27604,            0.042838,           0.0092831,           0.0084742,            0.009769,            0.009769,            0.009769
                   9,            0.046754,            0.018498,           0.0035318,             0.74759,             0.62437,             0.67807,             0.37773,            0.039828,           0.0083941,           0.0034429,            0.009736,            0.009736,            0.009736
                  10,            0.045063,            0.018599,           0.0035116,             0.61708,              0.4915,             0.50584,             0.25091,            0.044312,           0.0088576,           0.0040385,            0.009703,            0.009703,            0.009703
                  11,            0.044809,            0.018489,           0.0035008,             0.72149,             0.57371,             0.64059,             0.33504,            0.040769,           0.0091536,           0.0036357,             0.00967,             0.00967,             0.00967
                  12,            0.044756,            0.017884,           0.0034536,             0.72224,              0.6083,             0.65771,             0.36009,            0.039316,           0.0086055,           0.0034355,            0.009637,            0.009637,            0.009637
                  13,            0.043666,            0.018145,           0.0030724,             0.75316,             0.65558,              0.6931,             0.39204,            0.037892,           0.0082521,             0.00281,            0.009604,            0.009604,            0.009604
                  14,            0.042642,            0.017555,           0.0029441,             0.73289,              0.6789,             0.70588,             0.40593,            0.037533,           0.0080433,            0.002948,            0.009571,            0.009571,            0.009571
                  15,            0.042902,            0.017646,           0.0033866,             0.72389,             0.61621,             0.66206,             0.35281,            0.038822,           0.0084226,           0.0043535,            0.009538,            0.009538,            0.009538
                  16,             0.04263,            0.017627,           0.0028761,             0.73901,             0.59706,             0.67388,             0.36524,            0.039126,           0.0084541,           0.0044025,            0.009505,            0.009505,            0.009505
                  17,            0.042855,            0.017558,           0.0027015,             0.79345,             0.69367,             0.74078,             0.41454,            0.037428,           0.0078567,            0.002751,            0.009472,            0.009472,            0.009472
                  18,            0.041604,            0.017199,            0.002468,             0.73971,             0.67153,             0.70429,             0.40584,            0.036035,           0.0082078,           0.0029388,            0.009439,            0.009439,            0.009439
                  19,             0.04217,            0.016969,           0.0025262,             0.64073,             0.49049,             0.55278,             0.28338,            0.042693,           0.0092155,           0.0050774,            0.009406,            0.009406,            0.009406
                  20,            0.041336,            0.017061,           0.0032966,             0.77538,             0.68919,             0.72789,             0.41717,             0.03719,           0.0081306,           0.0026708,            0.009373,            0.009373,            0.009373
                  21,            0.041279,            0.017519,           0.0026471,              0.8011,             0.68755,             0.74386,             0.44125,            0.036881,           0.0076688,           0.0028761,             0.00934,             0.00934,             0.00934
                  22,             0.04125,            0.017345,           0.0020232,             0.83023,             0.71284,              0.7597,             0.43815,              0.0359,           0.0075588,           0.0035105,            0.009307,            0.009307,            0.009307
                  23,            0.039606,            0.017162,           0.0024321,               0.795,              0.6885,             0.73519,             0.43473,            0.036004,            0.007601,           0.0036293,            0.009274,            0.009274,            0.009274
                  24,            0.040727,            0.017097,           0.0024672,             0.74223,             0.67126,             0.71861,             0.41052,            0.036301,           0.0079538,           0.0033027,            0.009241,            0.009241,            0.009241
                  25,            0.040308,            0.017219,           0.0021793,             0.80101,             0.68209,             0.73886,             0.43493,            0.035146,           0.0078002,           0.0034787,            0.009208,            0.009208,            0.009208
                  26,            0.040081,            0.016981,           0.0024181,              0.7214,             0.66733,             0.70074,             0.38051,            0.036847,           0.0078912,           0.0027426,            0.009175,            0.009175,            0.009175
                  27,            0.039244,            0.017237,           0.0023697,             0.80809,             0.70039,             0.74498,             0.44835,            0.034766,           0.0075451,             0.00366,            0.009142,            0.009142,            0.009142
                  28,            0.039772,            0.016934,           0.0022518,             0.80562,             0.71847,             0.76731,             0.44918,            0.035736,            0.007691,           0.0028327,            0.009109,            0.009109,            0.009109
                  29,            0.039685,            0.016766,           0.0021914,             0.78411,             0.67336,             0.72487,             0.42019,            0.035854,            0.007664,           0.0039477,            0.009076,            0.009076,            0.009076
                  30,            0.039611,             0.01662,           0.0024558,             0.81212,             0.70082,             0.75465,             0.42893,            0.035356,           0.0076229,           0.0028302,            0.009043,            0.009043,            0.009043
                  31,             0.03909,            0.016702,           0.0020308,             0.80553,              0.7115,             0.74264,             0.43922,            0.035786,           0.0077567,           0.0028658,             0.00901,             0.00901,             0.00901
                  32,            0.038828,            0.016921,           0.0018168,             0.82318,             0.71113,             0.76613,             0.46781,            0.035795,           0.0076478,           0.0028847,            0.008977,            0.008977,            0.008977
                  33,            0.038519,            0.016305,            0.002158,             0.80039,             0.68672,             0.75238,             0.44343,            0.034786,           0.0075374,           0.0032366,            0.008944,            0.008944,            0.008944
                  34,            0.038774,            0.016081,            0.001862,             0.81582,             0.70851,             0.76329,             0.45316,               0.036,           0.0073879,           0.0035346,            0.008911,            0.008911,            0.008911
                  35,            0.038231,             0.01655,           0.0020797,             0.81077,             0.71305,             0.76147,             0.45181,            0.034966,           0.0074612,           0.0029119,            0.008878,            0.008878,            0.008878
                  36,            0.038009,             0.01643,            0.002031,             0.81908,             0.72684,             0.76925,             0.45959,            0.034984,           0.0073765,           0.0032703,            0.008845,            0.008845,            0.008845
                  37,            0.037829,            0.016352,           0.0017482,             0.77948,             0.67814,             0.72469,             0.43833,            0.034997,           0.0077066,           0.0036109,            0.008812,            0.008812,            0.008812
                  38,            0.037898,            0.016332,           0.0015133,             0.82996,               0.725,             0.77576,              0.4603,            0.034945,           0.0076374,           0.0037453,            0.008779,            0.008779,            0.008779
                  39,            0.037304,            0.016254,           0.0018081,             0.77833,             0.69547,             0.75069,             0.42587,             0.03589,           0.0074904,           0.0038587,            0.008746,            0.008746,            0.008746
                  40,            0.037332,            0.015717,           0.0018452,             0.82641,             0.73771,              0.7869,             0.46888,            0.035369,           0.0074113,           0.0029213,            0.008713,            0.008713,            0.008713
                  41,            0.037854,             0.01623,           0.0022299,             0.79342,             0.71678,             0.75749,             0.45526,            0.035918,           0.0075245,           0.0034443,             0.00868,             0.00868,             0.00868
                  42,            0.037361,            0.016307,           0.0019749,              0.8252,             0.71953,             0.78084,             0.48128,            0.035484,           0.0072679,           0.0036783,            0.008647,            0.008647,            0.008647
                  43,            0.037397,            0.016275,           0.0018324,             0.80008,             0.73194,             0.77302,             0.46466,            0.034058,            0.007439,           0.0028568,            0.008614,            0.008614,            0.008614
                  44,             0.03653,            0.015677,           0.0018229,             0.82765,             0.73214,             0.78033,             0.47402,            0.034228,           0.0073861,           0.0030486,            0.008581,            0.008581,            0.008581
                  45,             0.03689,            0.016095,           0.0015477,             0.82863,             0.70769,             0.77493,             0.48152,             0.03475,           0.0074167,           0.0032668,            0.008548,            0.008548,            0.008548
                  46,            0.036204,             0.01587,           0.0013935,             0.83207,             0.72493,              0.7887,             0.48629,            0.034103,           0.0072391,           0.0032714,            0.008515,            0.008515,            0.008515
                  47,            0.036631,             0.01548,           0.0017886,             0.83266,             0.71302,             0.77694,             0.47344,            0.033508,           0.0074245,           0.0026678,            0.008482,            0.008482,            0.008482
                  48,            0.035556,            0.015769,           0.0013822,             0.80896,             0.73206,             0.76819,             0.46801,            0.034936,           0.0074463,            0.002972,            0.008449,            0.008449,            0.008449
                  49,            0.035916,            0.015773,           0.0015608,             0.83461,             0.71707,             0.77712,             0.48252,            0.035544,            0.007216,           0.0037731,            0.008416,            0.008416,            0.008416
                  50,            0.035871,            0.016201,           0.0016489,             0.82277,             0.72035,             0.77245,             0.46951,             0.03427,           0.0073728,           0.0030482,            0.008383,            0.008383,            0.008383
                  51,            0.035863,            0.015455,           0.0017245,             0.78904,             0.70364,             0.75765,             0.46777,            0.033973,           0.0076085,           0.0033773,             0.00835,             0.00835,             0.00835
                  52,            0.035975,            0.015887,           0.0016867,             0.82334,             0.72132,             0.77501,             0.47667,            0.034433,           0.0075728,           0.0034013,            0.008317,            0.008317,            0.008317
                  53,            0.035578,            0.015886,             0.00163,              0.8209,             0.74485,             0.79369,             0.49664,            0.034568,           0.0071869,             0.00328,            0.008284,            0.008284,            0.008284
                  54,            0.035633,            0.015692,            0.001476,             0.83586,             0.75314,             0.79873,             0.49023,            0.034027,           0.0071959,           0.0034063,            0.008251,            0.008251,            0.008251
                  55,            0.035596,            0.015665,           0.0017332,             0.81084,             0.72907,             0.77928,             0.46715,             0.03379,           0.0074132,           0.0031274,            0.008218,            0.008218,            0.008218
                  56,             0.03505,            0.015405,           0.0013029,             0.83322,             0.73835,             0.80592,              0.4956,            0.034235,           0.0072069,           0.0032897,            0.008185,            0.008185,            0.008185
                  57,            0.034709,            0.015476,           0.0015586,             0.81192,             0.71612,             0.77791,             0.47855,            0.033544,            0.007334,           0.0035405,            0.008152,            0.008152,            0.008152
                  58,            0.035107,            0.015554,           0.0013776,             0.82859,             0.74031,             0.78497,             0.47134,            0.033447,           0.0072605,           0.0028829,            0.008119,            0.008119,            0.008119
                  59,            0.034971,            0.015657,           0.0012407,             0.82996,             0.74864,             0.79056,              0.4939,            0.033333,           0.0070512,           0.0034306,            0.008086,            0.008086,            0.008086
                  60,            0.034914,             0.01507,           0.0013877,             0.83905,               0.742,             0.78545,              0.4887,            0.033715,            0.007226,           0.0032277,            0.008053,            0.008053,            0.008053
                  61,             0.03447,             0.01517,           0.0011418,             0.80799,             0.74805,             0.79522,             0.49371,            0.032927,           0.0070865,           0.0026833,             0.00802,             0.00802,             0.00802
                  62,            0.034375,            0.014964,           0.0012766,             0.81668,              0.7591,             0.78816,             0.49529,            0.032887,           0.0070726,           0.0033966,            0.007987,            0.007987,            0.007987
                  63,            0.033768,             0.01491,           0.0011341,             0.82481,             0.72717,             0.78652,             0.47581,            0.033819,           0.0072221,           0.0040484,            0.007954,            0.007954,            0.007954
                  64,            0.034594,            0.015327,           0.0016441,             0.83702,             0.75262,               0.793,             0.49893,            0.032721,           0.0071876,           0.0036227,            0.007921,            0.007921,            0.007921
                  65,            0.033906,            0.015025,           0.0014593,             0.81161,             0.76724,             0.79366,             0.49321,            0.033016,           0.0071258,           0.0029488,            0.007888,            0.007888,            0.007888
                  66,            0.034457,            0.015319,           0.0013764,             0.79034,             0.73236,             0.78201,             0.47472,            0.034067,           0.0071627,            0.003174,            0.007855,            0.007855,            0.007855
                  67,            0.033687,            0.015163,           0.0013003,             0.85287,              0.7527,             0.81337,             0.51793,             0.03237,            0.006843,           0.0033241,            0.007822,            0.007822,            0.007822
                  68,            0.033544,            0.015066,           0.0012055,             0.80882,             0.76379,              0.7977,             0.51207,            0.032757,           0.0071757,           0.0030874,            0.007789,            0.007789,            0.007789
                  69,            0.033019,            0.014902,           0.0012462,             0.80736,             0.75114,             0.78362,             0.50028,            0.033609,           0.0071556,            0.003107,            0.007756,            0.007756,            0.007756
                  70,            0.033972,            0.015218,           0.0012006,             0.82249,             0.76156,             0.80317,             0.50637,            0.033077,           0.0070849,           0.0032948,            0.007723,            0.007723,            0.007723
                  71,            0.033606,            0.015036,           0.0017273,             0.81815,             0.74655,             0.78651,             0.47836,            0.032968,           0.0072435,           0.0027107,             0.00769,             0.00769,             0.00769
                  72,            0.033811,            0.015231,           0.0013998,             0.83219,             0.75277,             0.79593,             0.50323,            0.033828,           0.0071248,             0.00254,            0.007657,            0.007657,            0.007657
                  73,            0.033272,            0.015063,           0.0011782,              0.8448,             0.71667,             0.78816,             0.48764,            0.034782,           0.0072418,            0.002963,            0.007624,            0.007624,            0.007624
                  74,            0.032871,            0.014739,           0.0012209,             0.82797,             0.77546,             0.82163,             0.51158,            0.033248,           0.0069881,             0.00301,            0.007591,            0.007591,            0.007591
                  75,            0.033089,            0.014947,           0.0013905,             0.82563,             0.76493,             0.80067,             0.51405,            0.032687,           0.0071711,           0.0028479,            0.007558,            0.007558,            0.007558
                  76,            0.032244,            0.014473,           0.0011374,             0.85708,              0.7698,             0.82211,             0.51936,            0.033388,           0.0069387,           0.0029826,            0.007525,            0.007525,            0.007525
                  77,            0.033212,            0.014901,           0.0013789,              0.8047,             0.73834,              0.7787,             0.48008,            0.034462,           0.0071175,           0.0033583,            0.007492,            0.007492,            0.007492
                  78,            0.032835,            0.014774,           0.0010732,             0.86185,             0.76142,             0.81824,             0.52092,            0.032672,           0.0070002,           0.0031228,            0.007459,            0.007459,            0.007459
                  79,            0.032413,             0.01441,           0.0010709,              0.8172,             0.74726,             0.78427,             0.50136,            0.032584,           0.0072206,           0.0033171,            0.007426,            0.007426,            0.007426
                  80,            0.032287,            0.014705,            0.001079,             0.81943,             0.77076,             0.80465,             0.51736,             0.03301,           0.0069289,           0.0031185,            0.007393,            0.007393,            0.007393
                  81,            0.032429,            0.014345,           0.0011543,             0.84169,             0.75917,             0.81126,             0.51881,            0.033154,           0.0071401,           0.0026149,             0.00736,             0.00736,             0.00736
                  82,            0.032441,            0.014512,          0.00099632,             0.83155,             0.75543,             0.79833,             0.50946,            0.033254,           0.0070414,           0.0032275,            0.007327,            0.007327,            0.007327
                  83,            0.031541,             0.01459,          0.00097508,             0.84392,             0.75722,             0.80752,              0.5123,            0.032254,           0.0069941,           0.0026732,            0.007294,            0.007294,            0.007294
                  84,            0.031757,            0.014704,           0.0012665,             0.81549,             0.77034,             0.79274,             0.51099,            0.032712,           0.0071362,           0.0033752,            0.007261,            0.007261,            0.007261
                  85,            0.031945,            0.014354,           0.0011692,             0.82234,             0.76116,             0.79942,             0.50919,            0.032792,            0.006941,           0.0026122,            0.007228,            0.007228,            0.007228
                  86,            0.031528,             0.01459,           0.0011253,             0.84938,             0.77431,              0.8211,             0.52557,            0.032511,           0.0069365,           0.0028243,            0.007195,            0.007195,            0.007195
                  87,            0.031073,            0.014098,           0.0010233,             0.83756,             0.78211,             0.81199,               0.528,            0.032333,           0.0068914,           0.0030779,            0.007162,            0.007162,            0.007162
                  88,            0.031585,            0.014289,           0.0012746,             0.80701,             0.76135,             0.79605,             0.50458,            0.032731,           0.0072802,           0.0030858,            0.007129,            0.007129,            0.007129
                  89,            0.030951,            0.014203,          0.00091678,              0.8642,             0.76684,             0.81421,             0.53119,            0.032469,           0.0070356,           0.0030619,            0.007096,            0.007096,            0.007096
                  90,            0.031127,            0.014205,          0.00088934,              0.8432,             0.77819,             0.82011,             0.52683,             0.03264,           0.0069221,           0.0029349,            0.007063,            0.007063,            0.007063
                  91,            0.030336,            0.014082,          0.00094201,             0.85466,             0.76839,             0.81026,             0.51905,            0.032833,           0.0070696,           0.0026638,             0.00703,             0.00703,             0.00703
                  92,            0.031098,            0.013841,          0.00098307,             0.84881,             0.75118,             0.80402,             0.52164,            0.032774,           0.0070489,           0.0028624,            0.006997,            0.006997,            0.006997
                  93,            0.031129,            0.014063,           0.0013048,             0.84211,             0.76198,             0.80774,             0.51951,             0.03279,           0.0070314,           0.0032714,            0.006964,            0.006964,            0.006964
                  94,            0.030898,            0.014288,           0.0010855,             0.84355,             0.78708,             0.82442,             0.53538,            0.032372,           0.0068571,           0.0029115,            0.006931,            0.006931,            0.006931
                  95,            0.030849,            0.014291,          0.00085336,             0.84756,             0.76335,             0.80916,             0.52316,            0.033264,            0.006998,           0.0035239,            0.006898,            0.006898,            0.006898
                  96,            0.029844,            0.014156,          0.00094268,             0.86512,             0.77855,             0.82278,             0.53548,            0.032939,           0.0068806,           0.0033148,            0.006865,            0.006865,            0.006865
                  97,            0.030634,            0.014136,          0.00084037,             0.84343,             0.77478,             0.80924,             0.51769,             0.03232,           0.0069483,           0.0029402,            0.006832,            0.006832,            0.006832
                  98,            0.030455,            0.013891,          0.00086562,             0.87052,             0.76522,             0.82417,             0.53048,            0.032721,           0.0067884,           0.0033481,            0.006799,            0.006799,            0.006799
                  99,            0.030006,            0.013793,          0.00082882,             0.84917,             0.78504,             0.81451,             0.53093,            0.032491,           0.0069076,           0.0033493,            0.006766,            0.006766,            0.006766
                 100,            0.029956,            0.014013,          0.00071893,             0.81758,             0.79285,             0.80685,             0.53002,            0.032154,            0.006967,            0.003799,            0.006733,            0.006733,            0.006733
                 101,            0.029787,             0.01384,          0.00096403,             0.83819,             0.79301,             0.81253,             0.53035,            0.031663,           0.0069388,           0.0036497,              0.0067,              0.0067,              0.0067
                 102,            0.029485,            0.013839,          0.00079652,             0.85137,               0.769,             0.81363,             0.52722,            0.031564,           0.0068842,           0.0035332,            0.006667,            0.006667,            0.006667
                 103,            0.030147,            0.013679,          0.00089716,             0.81193,             0.79176,             0.81353,             0.53273,            0.032099,           0.0069389,           0.0037359,            0.006634,            0.006634,            0.006634
                 104,            0.029786,            0.013754,          0.00070744,             0.83828,             0.76036,             0.80537,             0.52238,            0.032041,           0.0070657,           0.0035626,            0.006601,            0.006601,            0.006601
                 105,            0.029674,            0.014006,           0.0006838,             0.84426,             0.77708,             0.81078,             0.53461,            0.032486,           0.0069282,           0.0037384,            0.006568,            0.006568,            0.006568
                 106,            0.029679,            0.013392,           0.0009554,             0.84982,             0.78308,             0.81474,             0.53194,            0.032631,            0.006979,           0.0032995,            0.006535,            0.006535,            0.006535
                 107,            0.029483,            0.013249,          0.00069032,             0.84645,             0.76297,              0.8121,              0.5247,            0.032146,           0.0069818,           0.0034617,            0.006502,            0.006502,            0.006502
                 108,            0.029502,            0.013817,          0.00094705,             0.83172,             0.77816,             0.80233,             0.51447,            0.033464,           0.0071012,            0.003218,            0.006469,            0.006469,            0.006469
                 109,            0.029725,            0.013698,           0.0011365,             0.85281,             0.77522,             0.81078,             0.51976,            0.032691,           0.0070505,            0.003372,            0.006436,            0.006436,            0.006436
                 110,            0.029261,            0.013669,          0.00086617,             0.83863,             0.77909,             0.81136,             0.53095,            0.032274,           0.0069886,           0.0037789,            0.006403,            0.006403,            0.006403
                 111,            0.029363,            0.013597,           0.0008446,             0.84088,             0.77629,             0.80723,             0.53265,            0.032353,            0.007028,           0.0035695,             0.00637,             0.00637,             0.00637
                 112,            0.028782,            0.013455,          0.00071687,             0.84832,             0.78751,             0.82336,             0.53958,            0.032604,           0.0069626,           0.0034943,            0.006337,            0.006337,            0.006337
                 113,            0.028773,            0.013013,          0.00056078,             0.83523,             0.80048,             0.82463,             0.54366,             0.03235,           0.0069664,           0.0033848,            0.006304,            0.006304,            0.006304
                 114,            0.029668,            0.013468,          0.00085127,             0.85354,             0.77777,             0.81918,             0.53806,            0.032672,           0.0069556,           0.0036078,            0.006271,            0.006271,            0.006271
                 115,            0.029108,            0.013717,          0.00076473,             0.85802,              0.7761,             0.81762,             0.53513,            0.032748,            0.007018,           0.0037355,            0.006238,            0.006238,            0.006238
                 116,            0.029309,            0.013558,          0.00079017,             0.85901,             0.79004,             0.81691,             0.52993,            0.032246,           0.0070538,           0.0037502,            0.006205,            0.006205,            0.006205
                 117,              0.0285,            0.013173,          0.00078975,             0.86401,              0.7803,             0.81654,             0.53829,            0.031841,           0.0070145,           0.0039964,            0.006172,            0.006172,            0.006172
                 118,            0.029284,            0.013576,          0.00071101,             0.85966,              0.7884,             0.82406,             0.54345,            0.031744,           0.0070099,           0.0037345,            0.006139,            0.006139,            0.006139
                 119,            0.028111,            0.013265,          0.00071391,             0.86004,             0.77763,              0.8205,             0.53893,            0.032838,           0.0069659,           0.0039405,            0.006106,            0.006106,            0.006106
                 120,            0.027742,            0.013116,          0.00078594,              0.8705,             0.78241,             0.82477,              0.5446,            0.032618,           0.0069578,           0.0037294,            0.006073,            0.006073,            0.006073
                 121,            0.027921,            0.013254,          0.00077183,             0.85725,             0.78207,             0.82161,             0.54653,            0.032792,           0.0070222,           0.0036972,             0.00604,             0.00604,             0.00604
                 122,            0.027774,            0.013015,          0.00062823,             0.83944,             0.78756,             0.81459,              0.5369,            0.031909,           0.0069924,           0.0037119,            0.006007,            0.006007,            0.006007
                 123,            0.025727,            0.012189,          0.00042163,             0.85447,             0.79159,             0.82472,             0.54306,            0.032557,           0.0071394,             0.00372,            0.005974,            0.005974,            0.005974
                 124,            0.024941,            0.011836,            0.000321,             0.86513,             0.79016,             0.82847,             0.55292,            0.032102,           0.0071772,           0.0039084,            0.005941,            0.005941,            0.005941
                 125,            0.025084,            0.012054,          0.00045518,             0.85781,             0.78651,             0.82081,              0.5439,             0.03264,           0.0072923,           0.0036264,            0.005908,            0.005908,            0.005908
                 126,             0.02482,            0.011637,          0.00024323,             0.87013,             0.79656,             0.82345,             0.54194,            0.032644,           0.0072542,           0.0036637,            0.005875,            0.005875,            0.005875
                 127,            0.027802,            0.013227,          0.00070567,              0.8368,             0.80571,             0.82087,             0.54053,            0.032807,           0.0070162,           0.0038375,            0.005842,            0.005842,            0.005842
                 128,            0.027987,            0.013137,          0.00066177,              0.8424,             0.80576,             0.82506,             0.54308,            0.032654,           0.0070251,           0.0033221,            0.005809,            0.005809,            0.005809
                 129,            0.027315,            0.012727,          0.00050976,             0.85318,             0.78653,             0.81165,             0.53716,            0.032357,           0.0070842,           0.0035331,            0.005776,            0.005776,            0.005776
                 130,            0.027121,            0.012849,          0.00047599,             0.84459,             0.78353,             0.81089,             0.53808,            0.032268,           0.0070687,           0.0033842,            0.005743,            0.005743,            0.005743
                 131,            0.027115,            0.012586,          0.00068528,             0.82005,             0.79628,             0.80444,             0.52921,            0.032268,           0.0071232,            0.003315,             0.00571,             0.00571,             0.00571
                 132,            0.027279,            0.012879,          0.00053823,             0.82724,             0.80452,             0.80527,             0.52918,            0.032763,           0.0070898,           0.0035419,            0.005677,            0.005677,            0.005677
                 133,            0.027304,            0.013061,          0.00057737,             0.84628,             0.79264,             0.81369,              0.5334,            0.032702,           0.0071137,           0.0032934,            0.005644,            0.005644,            0.005644
                 134,            0.027008,            0.013057,          0.00053302,              0.8627,             0.78047,             0.82022,             0.53868,            0.033238,           0.0069976,           0.0032668,            0.005611,            0.005611,            0.005611
                 135,            0.026996,            0.012761,          0.00060738,             0.84452,             0.79058,               0.821,             0.54323,            0.032071,            0.006947,           0.0033109,            0.005578,            0.005578,            0.005578
                 136,            0.026975,            0.012905,          0.00056143,             0.84944,             0.78789,             0.81935,             0.54122,            0.032118,           0.0069682,           0.0036633,            0.005545,            0.005545,            0.005545
                 137,            0.026127,            0.012619,          0.00060328,             0.86939,             0.79362,             0.82848,             0.54993,             0.03203,           0.0069405,           0.0034282,            0.005512,            0.005512,            0.005512
                 138,            0.026966,            0.012681,           0.0005373,             0.85434,             0.78878,             0.82442,             0.54797,            0.032016,            0.007115,           0.0034462,            0.005479,            0.005479,            0.005479
                 139,            0.026641,            0.012659,           0.0004584,             0.84675,             0.79971,             0.82511,             0.54981,            0.031945,           0.0070242,           0.0033887,            0.005446,            0.005446,            0.005446
                 140,              0.0262,              0.0125,          0.00042175,             0.83952,               0.804,              0.8263,             0.55434,            0.032176,           0.0069454,           0.0033819,            0.005413,            0.005413,            0.005413
                 141,            0.025956,            0.012432,          0.00055044,             0.85429,             0.79327,             0.82478,             0.55112,            0.032171,           0.0070036,           0.0032437,             0.00538,             0.00538,             0.00538
                 142,            0.026238,            0.012265,          0.00043014,             0.85063,             0.79215,             0.82337,             0.55233,            0.032434,           0.0069759,           0.0028983,            0.005347,            0.005347,            0.005347
                 143,            0.026406,            0.012476,          0.00066255,             0.86093,             0.78902,              0.8181,             0.54933,            0.032589,           0.0069875,           0.0034066,            0.005314,            0.005314,            0.005314
                 144,            0.026251,            0.012774,          0.00054442,             0.86421,             0.79215,             0.82344,             0.55265,             0.03255,            0.006919,           0.0032292,            0.005281,            0.005281,            0.005281
                 145,            0.026666,            0.012763,          0.00047851,              0.8403,             0.80082,             0.82205,              0.5518,            0.032469,           0.0069118,           0.0036282,            0.005248,            0.005248,            0.005248
                 146,            0.025353,            0.012566,          0.00052535,             0.84617,             0.79616,              0.8197,             0.55017,            0.032313,           0.0070482,           0.0037843,            0.005215,            0.005215,            0.005215
                 147,            0.026078,            0.012608,          0.00050238,             0.84664,             0.78826,             0.81595,             0.54819,            0.032241,           0.0070629,           0.0037148,            0.005182,            0.005182,            0.005182
                 148,            0.026021,            0.012443,          0.00045044,             0.86629,             0.78238,             0.81674,             0.54735,            0.032323,           0.0070737,           0.0036319,            0.005149,            0.005149,            0.005149
                 149,            0.025769,            0.012373,          0.00041596,             0.85982,              0.7927,             0.81923,             0.55363,            0.032197,           0.0070405,           0.0036347,            0.005116,            0.005116,            0.005116
                 150,            0.025733,            0.012517,          0.00043581,              0.8705,             0.79396,             0.83077,             0.55569,            0.032228,           0.0070044,           0.0036228,            0.005083,            0.005083,            0.005083
                 151,            0.025683,            0.012467,          0.00060414,             0.85325,             0.80651,             0.82585,             0.55685,            0.031847,           0.0070266,           0.0035973,             0.00505,             0.00505,             0.00505
                 152,            0.025314,            0.012308,          0.00051439,             0.84989,              0.8049,             0.82487,             0.55861,            0.031795,            0.007022,           0.0034975,            0.005017,            0.005017,            0.005017
                 153,            0.025815,            0.012337,          0.00053542,             0.85923,             0.77915,             0.81762,             0.55397,            0.031755,           0.0070835,           0.0037984,            0.004984,            0.004984,            0.004984
                 154,            0.025781,            0.012414,           0.0003933,             0.85298,             0.78369,              0.8177,             0.55289,             0.03153,           0.0070852,           0.0039069,            0.004951,            0.004951,            0.004951
                 155,            0.025627,            0.012612,          0.00040047,             0.86494,             0.78504,             0.82449,             0.55576,            0.031878,           0.0070445,           0.0036905,            0.004918,            0.004918,            0.004918
                 156,            0.025365,            0.012062,          0.00062529,             0.84024,             0.80107,             0.82305,             0.55644,            0.032017,           0.0071056,           0.0034897,            0.004885,            0.004885,            0.004885
                 157,            0.025179,            0.011918,          0.00034628,              0.8482,             0.80689,             0.82376,             0.55202,            0.031733,           0.0071589,           0.0035958,            0.004852,            0.004852,            0.004852
                 158,            0.025089,            0.012276,          0.00046837,             0.85305,             0.80611,             0.81925,             0.54748,            0.032137,           0.0071203,           0.0037222,            0.004819,            0.004819,            0.004819
                 159,            0.025225,            0.012176,          0.00054582,             0.85561,             0.79989,             0.81917,             0.54539,            0.032109,           0.0070797,           0.0040749,            0.004786,            0.004786,            0.004786
                 160,            0.025218,            0.012139,           0.0004335,             0.85644,             0.78593,             0.81553,             0.54808,             0.03209,           0.0071305,           0.0040701,            0.004753,            0.004753,            0.004753
                 161,            0.025108,            0.012164,          0.00053061,             0.84502,             0.79861,             0.81535,              0.5523,            0.032082,           0.0071663,           0.0040631,             0.00472,             0.00472,             0.00472
                 162,            0.024866,            0.012043,          0.00045372,             0.83776,             0.80942,             0.82468,             0.55346,            0.031998,           0.0071992,           0.0037114,            0.004687,            0.004687,            0.004687
                 163,            0.025011,            0.011734,          0.00045876,             0.84987,             0.80804,             0.82588,             0.55654,            0.031856,           0.0071722,           0.0039976,            0.004654,            0.004654,            0.004654
                 164,            0.025143,            0.012087,          0.00047712,             0.85622,             0.79833,             0.82261,             0.55359,            0.032129,           0.0071529,            0.004181,            0.004621,            0.004621,            0.004621
                 165,            0.024825,            0.012195,          0.00053405,             0.84745,              0.8049,             0.82106,             0.55386,            0.031981,           0.0071242,            0.004114,            0.004588,            0.004588,            0.004588
                 166,            0.025047,            0.012146,           0.0004492,             0.84066,             0.80911,               0.822,             0.55523,            0.031766,            0.007141,            0.004064,            0.004555,            0.004555,            0.004555
                 167,            0.024522,            0.011753,          0.00046609,             0.85221,             0.80489,             0.82384,             0.55691,            0.031594,           0.0071811,           0.0042857,            0.004522,            0.004522,            0.004522
                 168,            0.025061,            0.012035,          0.00046657,             0.85413,             0.80545,             0.82828,             0.55669,            0.031465,           0.0072594,           0.0040751,            0.004489,            0.004489,            0.004489
                 169,            0.025432,            0.012277,          0.00053993,             0.84705,             0.81141,             0.82744,             0.55473,            0.031424,           0.0072375,           0.0040789,            0.004456,            0.004456,            0.004456
                 170,            0.025717,             0.01205,          0.00075607,             0.85553,             0.80596,             0.82863,             0.55871,            0.031487,           0.0071666,           0.0039903,            0.004423,            0.004423,            0.004423
                 171,            0.025233,            0.012215,          0.00057375,             0.84642,             0.80251,             0.82545,             0.55815,             0.03156,           0.0071779,           0.0038332,             0.00439,             0.00439,             0.00439
                 172,            0.025727,            0.012314,           0.0007656,             0.84308,              0.8017,             0.82471,             0.55736,            0.031609,           0.0072141,           0.0037994,            0.004357,            0.004357,            0.004357
                 173,            0.025333,            0.012639,          0.00081835,             0.84496,             0.80663,             0.82642,             0.55974,            0.031702,           0.0071463,           0.0037994,            0.004324,            0.004324,            0.004324
                 174,            0.025538,            0.012089,          0.00070114,             0.85749,             0.80186,             0.83167,             0.56191,            0.031757,           0.0071408,            0.003711,            0.004291,            0.004291,            0.004291
                 175,            0.025737,            0.012385,          0.00053308,              0.8616,             0.80322,             0.83303,              0.5615,            0.031805,           0.0071105,           0.0036187,            0.004258,            0.004258,            0.004258
                 176,            0.025128,            0.012357,          0.00064884,              0.8621,             0.79689,             0.83141,             0.56129,            0.031845,           0.0071037,           0.0035649,            0.004225,            0.004225,            0.004225
                 177,             0.02516,            0.012087,          0.00049403,             0.84949,              0.8116,             0.82908,              0.5638,            0.031845,           0.0070913,           0.0036216,            0.004192,            0.004192,            0.004192
                 178,            0.025208,            0.012111,          0.00059762,             0.85428,             0.80678,             0.82803,             0.56182,            0.031813,           0.0070942,           0.0035769,            0.004159,            0.004159,            0.004159
                 179,            0.024736,            0.011903,          0.00046913,             0.85169,             0.80204,             0.82537,             0.56396,            0.031801,           0.0070928,           0.0035058,            0.004126,            0.004126,            0.004126
                 180,             0.02484,            0.012032,          0.00060227,             0.85963,              0.7983,             0.82704,             0.56638,            0.031821,           0.0071135,           0.0034848,            0.004093,            0.004093,            0.004093
                 181,            0.024529,            0.012026,          0.00053448,              0.8663,             0.79922,              0.8294,             0.56393,            0.031918,           0.0071234,           0.0035719,             0.00406,             0.00406,             0.00406
                 182,            0.024818,            0.012214,          0.00046024,             0.86255,             0.80345,             0.82939,             0.56361,            0.031978,           0.0070917,           0.0037729,            0.004027,            0.004027,            0.004027
                 183,            0.024955,            0.011798,          0.00052796,             0.86549,             0.79871,              0.8291,             0.56326,            0.032029,           0.0071151,            0.003833,            0.003994,            0.003994,            0.003994
                 184,            0.024816,            0.011905,          0.00043887,             0.86417,             0.80486,             0.82668,             0.56253,             0.03192,           0.0071367,           0.0037328,            0.003961,            0.003961,            0.003961
                 185,            0.024609,            0.011755,           0.0005869,             0.86886,             0.79374,             0.82603,              0.5609,            0.031779,           0.0071369,           0.0035072,            0.003928,            0.003928,            0.003928
                 186,            0.024235,            0.011772,          0.00048432,             0.85883,             0.80613,             0.82717,             0.56471,            0.031535,           0.0071187,           0.0033706,            0.003895,            0.003895,            0.003895
                 187,             0.02429,            0.011744,          0.00056627,             0.86502,             0.80731,             0.83212,             0.56455,            0.031452,           0.0071227,           0.0033298,            0.003862,            0.003862,            0.003862
                 188,            0.024324,            0.011638,          0.00042979,             0.85474,             0.81511,              0.8301,             0.56523,            0.031576,           0.0071247,           0.0032149,            0.003829,            0.003829,            0.003829
                 189,            0.024704,             0.01183,          0.00046177,             0.84897,             0.80504,             0.82831,             0.56556,            0.031592,           0.0071441,           0.0031803,            0.003796,            0.003796,            0.003796
                 190,            0.024325,            0.011848,          0.00055815,             0.84547,              0.8077,             0.82235,             0.56391,            0.031619,           0.0071671,             0.00316,            0.003763,            0.003763,            0.003763
                 191,            0.023883,            0.011787,          0.00045092,             0.83979,             0.80642,              0.8218,             0.56254,            0.031631,           0.0072029,           0.0031744,             0.00373,             0.00373,             0.00373
                 192,            0.023651,            0.011732,          0.00039419,             0.83872,             0.80676,             0.82227,             0.56257,            0.031581,           0.0072209,           0.0031859,            0.003697,            0.003697,            0.003697
                 193,             0.02397,            0.011783,          0.00045524,             0.84534,             0.81175,             0.82912,             0.56247,             0.03153,            0.007241,           0.0032895,            0.003664,            0.003664,            0.003664
                 194,            0.023887,            0.011593,          0.00069791,             0.87054,             0.78004,             0.82385,             0.56288,            0.031437,           0.0072545,           0.0033648,            0.003631,            0.003631,            0.003631
                 195,            0.022552,             0.01129,          0.00037005,             0.84819,             0.79915,             0.82533,             0.56137,            0.031439,           0.0072677,           0.0033673,            0.003598,            0.003598,            0.003598
                 196,            0.022059,             0.01101,          0.00038405,             0.84757,             0.80565,             0.82871,             0.56431,            0.031449,            0.007286,           0.0033932,            0.003565,            0.003565,            0.003565
                 197,            0.022185,            0.011142,          0.00035739,             0.84497,             0.80546,             0.82696,             0.56417,            0.031468,           0.0073229,           0.0033948,            0.003532,            0.003532,            0.003532
                 198,             0.02183,              0.0108,          0.00024419,             0.84998,             0.80097,             0.82723,             0.56418,            0.031475,           0.0073544,           0.0034319,            0.003499,            0.003499,            0.003499
                 199,            0.022664,            0.011271,          0.00039873,             0.85014,             0.80225,             0.82908,             0.56426,            0.031685,             0.00735,           0.0034714,            0.003466,            0.003466,            0.003466
                 200,            0.022596,            0.011224,          0.00030919,             0.85377,             0.79833,             0.82858,             0.56631,            0.031712,           0.0073592,           0.0034581,            0.003433,            0.003433,            0.003433
                 201,            0.022397,            0.010956,           0.0002658,             0.86866,             0.78508,             0.82795,             0.56604,            0.031703,           0.0073735,            0.003523,              0.0034,              0.0034,              0.0034
                 202,            0.022158,            0.010933,          0.00023245,             0.86937,             0.78474,             0.82692,             0.56549,            0.031723,           0.0073861,           0.0034997,            0.003367,            0.003367,            0.003367
                 203,            0.022024,            0.010759,          0.00028682,             0.86663,             0.78869,             0.82892,             0.56534,            0.031754,           0.0073979,           0.0034936,            0.003334,            0.003334,            0.003334
                 204,            0.022242,            0.011127,          0.00025837,             0.86197,             0.78918,             0.82813,             0.56473,            0.031862,           0.0073943,           0.0035015,            0.003301,            0.003301,            0.003301
                 205,            0.021945,            0.011069,           0.0003397,             0.85241,             0.79315,             0.82755,              0.5642,            0.031937,            0.007409,           0.0035934,            0.003268,            0.003268,            0.003268
                 206,            0.021977,            0.011208,           0.0002454,             0.84837,             0.79532,             0.82766,             0.56381,            0.032032,           0.0074145,           0.0037055,            0.003235,            0.003235,            0.003235
                 207,            0.021887,            0.010919,          0.00034297,             0.83618,             0.80969,             0.82408,             0.56356,            0.031989,           0.0074196,           0.0037357,            0.003202,            0.003202,            0.003202
                 208,             0.02215,            0.011136,          0.00026396,             0.84519,             0.80363,              0.8245,             0.56395,            0.031895,           0.0074158,            0.003695,            0.003169,            0.003169,            0.003169
                 209,             0.02164,            0.010862,          0.00039579,             0.84309,             0.80305,             0.82121,             0.56268,            0.031865,           0.0074268,           0.0036833,            0.003136,            0.003136,            0.003136
                 210,            0.021957,            0.010918,          0.00028384,             0.84729,             0.80011,              0.8217,             0.56236,             0.03189,           0.0074415,           0.0036755,            0.003103,            0.003103,            0.003103
                 211,            0.021518,             0.01081,          0.00028068,             0.84948,             0.80222,              0.8218,             0.56314,            0.031825,            0.007445,           0.0036666,             0.00307,             0.00307,             0.00307
                 212,             0.02142,             0.01075,          0.00023116,             0.84362,             0.81089,             0.82124,              0.5657,            0.031852,           0.0074542,           0.0036536,            0.003037,            0.003037,            0.003037
                 213,            0.021064,            0.010614,          0.00026002,             0.84807,             0.80439,             0.82409,             0.56521,            0.031896,           0.0074458,           0.0036074,            0.003004,            0.003004,            0.003004
                 214,            0.021453,             0.01055,          0.00021618,             0.84442,             0.80707,             0.82251,             0.56606,            0.031936,           0.0074282,           0.0035134,            0.002971,            0.002971,            0.002971
                 215,            0.021321,            0.010663,          0.00025514,             0.85807,             0.79583,             0.82499,             0.56622,            0.031972,           0.0074137,           0.0035583,            0.002938,            0.002938,            0.002938
                 216,            0.021479,            0.010927,            0.000238,             0.85604,             0.79813,             0.82377,             0.56405,            0.031968,           0.0074156,            0.003585,            0.002905,            0.002905,            0.002905
                 217,            0.021642,            0.010986,          0.00026486,             0.85174,             0.80279,             0.82448,             0.56527,            0.031975,           0.0074066,           0.0036488,            0.002872,            0.002872,            0.002872
                 218,            0.020992,            0.010814,           0.0002405,             0.86195,             0.79236,             0.82321,             0.56528,            0.031945,           0.0074147,           0.0037289,            0.002839,            0.002839,            0.002839
                 219,            0.021018,            0.010814,          0.00019078,             0.85812,             0.79649,             0.82363,             0.56516,            0.031937,           0.0074177,           0.0037825,            0.002806,            0.002806,            0.002806
                 220,            0.020975,            0.010612,          0.00022852,             0.85659,             0.79934,              0.8244,             0.56507,             0.03192,           0.0074236,           0.0038346,            0.002773,            0.002773,            0.002773
                 221,            0.021047,            0.010587,          0.00031565,             0.85083,             0.79669,             0.82334,             0.56678,            0.032022,           0.0074212,           0.0038666,             0.00274,             0.00274,             0.00274
                 222,            0.021183,            0.010801,          0.00018761,             0.84856,             0.79761,             0.82308,              0.5685,            0.032096,           0.0074195,           0.0038519,            0.002707,            0.002707,            0.002707
                 223,            0.020814,            0.010645,          0.00021787,             0.86025,             0.79108,             0.82273,             0.56866,             0.03212,           0.0074246,           0.0038561,            0.002674,            0.002674,            0.002674
                 224,            0.020421,            0.010404,          0.00020152,             0.85623,             0.79364,             0.82334,             0.56778,            0.032089,           0.0074188,           0.0038446,            0.002641,            0.002641,            0.002641
                 225,            0.020882,             0.01049,          0.00021794,             0.84952,             0.79089,             0.82085,             0.56796,            0.032074,           0.0074177,           0.0038501,            0.002608,            0.002608,            0.002608
                 226,            0.020676,            0.010474,          0.00017527,             0.84755,             0.78745,             0.82108,             0.56797,            0.032001,           0.0074284,           0.0038558,            0.002575,            0.002575,            0.002575
                 227,            0.020638,            0.010641,          0.00017217,             0.85039,              0.7916,             0.82373,             0.56936,            0.031983,           0.0074413,            0.003855,            0.002542,            0.002542,            0.002542
                 228,            0.020405,            0.010115,          0.00023713,             0.84839,             0.79566,             0.82513,             0.57017,            0.031955,           0.0074702,           0.0038514,            0.002509,            0.002509,            0.002509
                 229,            0.020236,            0.010077,          0.00015328,             0.85272,             0.79193,              0.8251,             0.56986,            0.031907,           0.0074914,           0.0038337,            0.002476,            0.002476,            0.002476
                 230,            0.020261,            0.010396,          0.00018615,             0.85292,             0.79543,             0.82587,             0.56932,            0.031912,           0.0075047,           0.0038313,            0.002443,            0.002443,            0.002443
                 231,            0.020293,            0.010339,          0.00023966,             0.85244,             0.79705,             0.82712,             0.56989,            0.031876,           0.0075119,           0.0038861,             0.00241,             0.00241,             0.00241
                 232,            0.020177,            0.010284,          0.00021844,              0.8514,             0.79707,             0.82639,             0.57011,            0.031834,           0.0075187,           0.0039093,            0.002377,            0.002377,            0.002377
                 233,            0.019855,            0.010289,          0.00023382,             0.85714,             0.79282,              0.8272,             0.56963,            0.031844,           0.0075257,           0.0039338,            0.002344,            0.002344,            0.002344
                 234,            0.019871,            0.010256,          0.00024793,             0.85747,             0.79282,             0.82649,             0.56996,            0.031837,            0.007543,           0.0039394,            0.002311,            0.002311,            0.002311
                 235,            0.020031,           0.0098575,           0.0001767,              0.8583,             0.79389,              0.8276,             0.56943,            0.031815,           0.0075555,           0.0039098,            0.002278,            0.002278,            0.002278
                 236,            0.020341,             0.01031,          0.00019393,             0.85735,             0.79549,              0.8277,             0.56925,            0.031825,           0.0075639,            0.003902,            0.002245,            0.002245,            0.002245
                 237,            0.019766,            0.010239,          0.00017007,             0.86592,             0.79066,             0.83037,             0.56901,             0.03185,            0.007565,           0.0038957,            0.002212,            0.002212,            0.002212
                 238,            0.020163,            0.010237,          0.00016444,             0.86425,             0.79178,             0.83024,             0.56896,             0.03184,           0.0075714,           0.0038987,            0.002179,            0.002179,            0.002179
                 239,            0.019447,           0.0098454,          0.00013774,             0.86785,             0.78896,             0.83052,             0.57016,            0.031835,            0.007579,             0.00391,            0.002146,            0.002146,            0.002146
                 240,             0.02012,            0.010191,            0.000202,             0.87064,             0.78967,             0.83004,             0.57035,            0.031836,           0.0075846,           0.0039049,            0.002113,            0.002113,            0.002113
                 241,             0.01997,            0.010266,          0.00026557,             0.87201,             0.78906,             0.82926,             0.56995,            0.031844,           0.0075905,           0.0038743,             0.00208,             0.00208,             0.00208
                 242,            0.019932,            0.010018,          0.00033682,             0.87376,             0.78906,             0.83183,             0.57164,            0.031831,           0.0075877,            0.003861,            0.002047,            0.002047,            0.002047
                 243,            0.019952,            0.010188,          0.00017866,             0.87284,             0.78906,             0.83147,             0.57178,            0.031817,           0.0075868,           0.0038259,            0.002014,            0.002014,            0.002014
                 244,            0.020459,            0.010271,          0.00031607,             0.87302,             0.78878,             0.83101,             0.57178,            0.031809,           0.0075936,            0.003787,            0.001981,            0.001981,            0.001981
                 245,            0.019847,            0.010493,          0.00040656,             0.87189,             0.78939,             0.83158,              0.5724,            0.031807,           0.0075961,           0.0037505,            0.001948,            0.001948,            0.001948
                 246,            0.019576,             0.01003,          0.00033212,             0.87473,             0.78604,             0.83017,             0.57209,            0.031807,           0.0076017,           0.0037513,            0.001915,            0.001915,            0.001915
                 247,            0.020331,            0.010294,          0.00023934,             0.86912,             0.78749,             0.83093,             0.57206,            0.031775,           0.0076083,           0.0037606,            0.001882,            0.001882,            0.001882
                 248,            0.019744,            0.010327,          0.00032195,             0.87502,             0.78421,             0.83098,             0.57165,            0.031776,           0.0076146,           0.0037638,            0.001849,            0.001849,            0.001849
                 249,            0.019597,            0.010095,          0.00019958,             0.87379,             0.78606,             0.83147,              0.5727,            0.031778,           0.0076173,           0.0037623,            0.001816,            0.001816,            0.001816
                 250,            0.019751,            0.010103,          0.00025548,             0.87489,             0.78388,             0.83121,             0.57267,            0.031767,           0.0076221,           0.0037589,            0.001783,            0.001783,            0.001783
                 251,            0.019234,           0.0098661,          0.00012097,             0.87607,             0.78666,             0.83288,             0.57372,            0.031777,           0.0076296,           0.0037454,             0.00175,             0.00175,             0.00175
                 252,             0.01946,           0.0099922,          0.00025123,             0.87575,             0.78789,             0.83278,             0.57394,            0.031768,           0.0076383,           0.0037335,            0.001717,            0.001717,            0.001717
                 253,            0.018992,           0.0099832,          0.00016297,             0.87401,             0.78985,             0.83276,             0.57389,            0.031755,           0.0076473,           0.0037335,            0.001684,            0.001684,            0.001684
                 254,            0.019378,            0.010242,          0.00014857,              0.8728,             0.79008,             0.83154,             0.57434,            0.031749,           0.0076506,           0.0037285,            0.001651,            0.001651,            0.001651
                 255,            0.019421,           0.0098302,          0.00020005,             0.86792,             0.79057,             0.83073,             0.57362,            0.031756,           0.0076569,           0.0037317,            0.001618,            0.001618,            0.001618
                 256,            0.018134,           0.0095275,          0.00017541,             0.86921,             0.79115,             0.83172,             0.57452,            0.031765,           0.0076603,           0.0037385,            0.001585,            0.001585,            0.001585
                 257,            0.017941,           0.0094557,          0.00016174,             0.86836,             0.79166,             0.83282,             0.57513,            0.031768,            0.007671,           0.0037508,            0.001552,            0.001552,            0.001552
                 258,             0.01776,           0.0094045,          0.00015495,              0.8658,             0.79241,             0.83201,             0.57396,            0.031776,            0.007682,           0.0037554,            0.001519,            0.001519,            0.001519
                 259,            0.017864,           0.0092216,          0.00012888,             0.86574,              0.7952,             0.83236,             0.57427,            0.031765,           0.0076948,           0.0037596,            0.001486,            0.001486,            0.001486
                 260,            0.018053,           0.0095583,          0.00014986,             0.86384,             0.79657,             0.83056,             0.57474,            0.031771,           0.0077064,           0.0037654,            0.001453,            0.001453,            0.001453
                 261,            0.018198,           0.0094732,          0.00012977,             0.86595,             0.79797,             0.83095,             0.57456,            0.031775,            0.007717,           0.0037669,             0.00142,             0.00142,             0.00142
                 262,            0.018014,           0.0093239,          0.00012192,             0.86426,             0.79776,             0.83068,             0.57426,            0.031778,           0.0077255,           0.0037679,            0.001387,            0.001387,            0.001387
                 263,            0.017609,           0.0092352,          0.00011754,             0.86139,             0.79925,             0.83052,             0.57435,            0.031777,           0.0077386,           0.0037633,            0.001354,            0.001354,            0.001354
                 264,            0.017681,           0.0091282,          0.00011881,             0.86213,             0.80078,             0.83312,             0.57453,            0.031778,           0.0077493,           0.0037484,            0.001321,            0.001321,            0.001321
                 265,            0.017902,           0.0093912,          0.00010078,             0.86446,             0.80002,             0.83112,             0.57427,            0.031781,           0.0077578,           0.0037441,            0.001288,            0.001288,            0.001288
                 266,            0.017396,           0.0093709,          0.00013733,             0.86442,             0.80002,             0.83294,             0.57495,            0.031797,           0.0077693,           0.0037502,            0.001255,            0.001255,            0.001255
                 267,             0.01768,            0.009555,          0.00010224,             0.86496,             0.80047,             0.83304,             0.57406,            0.031812,           0.0077784,           0.0037613,            0.001222,            0.001222,            0.001222
                 268,            0.017323,           0.0091759,           0.0001103,             0.86705,             0.79628,             0.83265,             0.57435,            0.031818,           0.0077857,           0.0037719,            0.001189,            0.001189,            0.001189
                 269,            0.017574,           0.0094619,          0.00013036,             0.86836,             0.79749,             0.83272,             0.57392,            0.031808,           0.0077939,           0.0037818,            0.001156,            0.001156,            0.001156
                 270,            0.017206,           0.0092008,           0.0001312,             0.86405,              0.7983,             0.83179,             0.57391,            0.031798,           0.0078065,            0.003789,            0.001123,            0.001123,            0.001123
                 271,            0.017538,            0.009162,          0.00012153,             0.86207,             0.79901,             0.83219,             0.57526,            0.031789,           0.0078193,           0.0037966,             0.00109,             0.00109,             0.00109
                 272,            0.017058,           0.0090679,          0.00013639,             0.86312,             0.79713,             0.83162,             0.57506,            0.031792,            0.007829,           0.0037974,            0.001057,            0.001057,            0.001057
                 273,            0.016966,           0.0090111,          0.00011782,             0.85828,             0.79669,             0.82958,             0.57452,            0.031796,           0.0078392,           0.0038023,            0.001024,            0.001024,            0.001024
                 274,             0.01683,           0.0089788,           8.485e-05,             0.86215,             0.79071,             0.82767,             0.57424,            0.031806,           0.0078465,            0.003804,            0.000991,            0.000991,            0.000991
                 275,             0.01686,           0.0088471,          8.4445e-05,             0.86202,             0.79353,             0.82834,             0.57511,            0.031812,           0.0078523,           0.0038056,            0.000958,            0.000958,            0.000958
                 276,            0.016893,           0.0089748,          0.00010324,             0.86076,             0.79671,             0.83125,             0.57592,            0.031821,           0.0078587,           0.0038158,            0.000925,            0.000925,            0.000925
                 277,            0.017017,           0.0092767,          9.0741e-05,             0.86758,             0.79237,             0.83108,              0.5754,             0.03182,           0.0078656,           0.0038233,            0.000892,            0.000892,            0.000892
                 278,            0.017076,           0.0092191,          0.00011973,             0.86604,             0.79301,             0.83103,             0.57521,            0.031824,           0.0078709,           0.0038332,            0.000859,            0.000859,            0.000859
                 279,            0.016427,            0.008997,          7.6648e-05,              0.8658,             0.79123,             0.83148,             0.57477,            0.031826,           0.0078783,            0.003844,            0.000826,            0.000826,            0.000826
                 280,            0.016631,           0.0090212,          7.5786e-05,             0.86642,             0.79272,             0.83146,             0.57467,            0.031827,           0.0078866,           0.0038559,            0.000793,            0.000793,            0.000793
                 281,            0.016615,           0.0088866,          9.6171e-05,             0.86478,             0.79582,             0.83189,             0.57473,            0.031821,           0.0078943,           0.0038637,             0.00076,             0.00076,             0.00076
                 282,            0.016418,           0.0088568,          6.7202e-05,             0.86969,             0.79102,             0.83085,             0.57452,            0.031824,           0.0079003,           0.0038761,            0.000727,            0.000727,            0.000727
                 283,            0.016581,           0.0089926,           6.342e-05,             0.85587,              0.8043,             0.83023,             0.57455,            0.031834,            0.007906,           0.0038847,            0.000694,            0.000694,            0.000694
                 284,            0.016305,           0.0089467,          0.00011029,             0.85716,             0.80191,             0.83025,             0.57425,            0.031837,           0.0079116,           0.0038903,            0.000661,            0.000661,            0.000661
                 285,            0.016102,           0.0087143,          7.8458e-05,             0.85573,             0.80174,             0.82806,             0.57447,            0.031834,           0.0079184,           0.0038942,            0.000628,            0.000628,            0.000628
                 286,            0.016355,           0.0087412,          7.7596e-05,             0.85666,             0.80242,             0.82825,             0.57453,            0.031836,           0.0079261,           0.0038986,            0.000595,            0.000595,            0.000595
                 287,            0.016055,            0.008743,          8.4342e-05,             0.85563,             0.80168,             0.83054,             0.57513,            0.031835,           0.0079314,           0.0039028,            0.000562,            0.000562,            0.000562
                 288,            0.016214,           0.0088855,          5.2388e-05,              0.8557,             0.80151,             0.82849,             0.57452,            0.031835,           0.0079385,           0.0039057,            0.000529,            0.000529,            0.000529
                 289,            0.015987,           0.0084897,          0.00013611,             0.86764,             0.79193,             0.82855,             0.57444,            0.031837,           0.0079471,           0.0039092,            0.000496,            0.000496,            0.000496
                 290,            0.015772,           0.0084187,          6.2711e-05,             0.86855,             0.79255,             0.83086,             0.57444,             0.03184,           0.0079561,           0.0039115,            0.000463,            0.000463,            0.000463
                 291,             0.01555,           0.0086355,          9.6329e-05,             0.86962,             0.79095,             0.83008,             0.57423,            0.031845,           0.0079642,           0.0039153,             0.00043,             0.00043,             0.00043
                 292,            0.015689,           0.0086378,          7.6553e-05,              0.8688,             0.79123,             0.82954,             0.57392,            0.031851,           0.0079713,           0.0039167,            0.000397,            0.000397,            0.000397
                 293,            0.015575,           0.0086152,          0.00011247,             0.86915,             0.79123,             0.82983,              0.5738,            0.031855,           0.0079789,           0.0039219,            0.000364,            0.000364,            0.000364
                 294,             0.01553,           0.0085712,           8.228e-05,             0.87194,              0.7881,             0.82925,             0.57362,            0.031858,            0.007987,           0.0039273,            0.000331,            0.000331,            0.000331
                 295,            0.015559,           0.0085073,           8.163e-05,             0.84971,             0.80786,             0.82931,             0.57356,            0.031863,           0.0079946,           0.0039334,            0.000298,            0.000298,            0.000298
                 296,            0.015729,           0.0082941,          5.7109e-05,             0.84986,              0.8078,             0.82913,             0.57337,            0.031872,            0.008003,           0.0039401,            0.000265,            0.000265,            0.000265
                 297,            0.015747,           0.0085713,          7.2957e-05,             0.84721,             0.80733,             0.82684,             0.57322,            0.031877,           0.0080102,           0.0039457,            0.000232,            0.000232,            0.000232
                 298,            0.015475,           0.0085947,          7.6252e-05,             0.85008,             0.80765,              0.8292,             0.57331,             0.03188,           0.0080171,           0.0039505,            0.000199,            0.000199,            0.000199
                 299,            0.015724,            0.008575,           5.838e-05,             0.84829,             0.80786,             0.82905,             0.57299,            0.031886,           0.0080237,            0.003955,            0.000166,            0.000166,            0.000166
